<?xml version="1.0" encoding="UTF-8"?>

<!--
  ~ Copyright 2012 Red Hat inc. and third party contributors as noted
  ~ by the author tags.
  ~ Licensed under the Apache License, Version 2.0 (the "License");
  ~ you may not use this file except in compliance with the License.
  ~ You may obtain a copy of the License at
  ~
  ~     http://www.apache.org/licenses/LICENSE-2.0
  ~
  ~ Unless required by applicable law or agreed to in writing, software
  ~ distributed under the License is distributed on an "AS IS" BASIS,
  ~ WITHOUT WARRANTIES OR CONDITIONS OF ANY KIND, either express or implied.
  ~ See the License for the specific language governing permissions and
  ~ limitations under the License.
  -->

<!--
~ JBoss, Home of Professional Open Source.
~ Copyright 2010, Red Hat, Inc., and individual contributors
~ as indicated by the @author tags. See the copyright.txt file in the
~ distribution for a full listing of individual contributors.
~
~ This is free software; you can redistribute it and/or modify it
~ under the terms of the GNU Lesser General Public License as
~ published by the Free Software Foundation; either version 2.1 of
~ the License, or (at your option) any later version.
~
~ This software is distributed in the hope that it will be useful,
~ but WITHOUT ANY WARRANTY; without even the implied warranty of
~ MERCHANTABILITY or FITNESS FOR A PARTICULAR PURPOSE. See the GNU
~ Lesser General Public License for more details.
~
~ You should have received a copy of the GNU Lesser General Public
~ License along with this software; if not, write to the Free
~ Software Foundation, Inc., 51 Franklin St, Fifth Floor, Boston, MA
~ 02110-1301 USA, or see the FSF site: http://www.fsf.org.
-->

<module xmlns="urn:jboss:module:1.1" name="org.jboss.jandex" slot="1.0.3.Final">
    <resources>
        <resource-root path="org.jboss.jandex-1.0.3.Final.jar"/>
    </resources>

    <dependencies>
    </dependencies>

    <exports>
        <!-- Uses Ant -->
        <exclude path="org/jboss/jandex/JandexAntTask*"/>
    </exports>
</module>
