<?xml version="1.0" encoding="UTF-8"?>

<!--
  ~ Copyright 2013 Red Hat inc. and third party contributors as noted
  ~ by the author tags.
  ~ Licensed under the Apache License, Version 2.0 (the "License");
  ~ you may not use this file except in compliance with the License.
  ~ You may obtain a copy of the License at
  ~
  ~     http://www.apache.org/licenses/LICENSE-2.0
  ~
  ~ Unless required by applicable law or agreed to in writing, software
  ~ distributed under the License is distributed on an "AS IS" BASIS,
  ~ WITHOUT WARRANTIES OR CONDITIONS OF ANY KIND, either express or implied.
  ~ See the License for the specific language governing permissions and
  ~ limitations under the License.
  -->

<module xmlns="urn:jboss:module:1.0" name="com.redhat.ceylon.compiler.java" slot="1.2.0">
    <resources>
        <resource-root path="com.redhat.ceylon.compiler.java-1.2.0.jar"/>
    </resources>

    <dependencies>
        <module name="ceylon.language" slot="1.2.0"/>
        <module name="com.redhat.ceylon.common" slot="1.2.0" export="true" services="export"/>
        <module name="com.redhat.ceylon.model" slot="1.2.0"/>
        <module name="com.redhat.ceylon.typechecker" slot="1.2.0"/>
        <module name="com.redhat.ceylon.module-resolver" slot="1.2.0" export="true"/>
        <module name="com.github.rjeschke.txtmark" slot="0.13"/>
        <system export="true">
            <paths>
                <path name="javax/tools"/>
                <path name="javax/lang/model"/>
                <path name="javax/lang/model/element"/>
                <path name="javax/lang/model/type"/>
                <path name="javax/lang/model/util"/>
                <path name="javax/annotation/processing"/>
            </paths>
        </system>
    </dependencies>
</module>
