<?xml version="1.0" encoding="UTF-8"?>

<!--
  ~ JBoss, Home of Professional Open Source.
  ~ Copyright 2010, Red Hat, Inc., and individual contributors
  ~ as indicated by the @author tags. See the copyright.txt file in the
  ~ distribution for a full listing of individual contributors.
  ~
  ~ This is free software; you can redistribute it and/or modify it
  ~ under the terms of the GNU Lesser General Public License as
  ~ published by the Free Software Foundation; either version 2.1 of
  ~ the License, or (at your option) any later version.
  ~
  ~ This software is distributed in the hope that it will be useful,
  ~ but WITHOUT ANY WARRANTY; without even the implied warranty of
  ~ MERCHANTABILITY or FITNESS FOR A PARTICULAR PURPOSE. See the GNU
  ~ Lesser General Public License for more details.
  ~
  ~ You should have received a copy of the GNU Lesser General Public
  ~ License along with this software; if not, write to the Free
  ~ Software Foundation, Inc., 51 Franklin St, Fifth Floor, Boston, MA
  ~ 02110-1301 USA, or see the FSF site: http://www.fsf.org.
  -->

<module xmlns="urn:jboss:module:1.1" name="com.redhat.ceylon.module-resolver" slot="1.2.0">
    <resources>
        <resource-root path="com.redhat.ceylon.module-resolver-1.2.0.jar"/>
    </resources>

    <dependencies>
        <module name="com.redhat.ceylon.common" slot="1.2.0"/>
        <module name="com.redhat.ceylon.model" slot="1.2.0"/>
        <module name="org.jboss.jandex" slot="1.0.3.Final"/>
        <module name="org.jboss.modules" slot="1.3.3.Final"/>
        <module name="com.redhat.ceylon.maven-support" slot="2.0" services="import" optional="true"/>
        <module name="com.github.lookfirst.sardine" slot="5.1"/>
        <module name="net.minidev.json-smart" slot="1.1.1"/>
        <module name="org.apache.httpcomponents.httpclient" slot="4.3.2"/>
        <system export="true">
            <paths>
                <path name="javax/xml"/>
                <path name="javax/xml/bind"/>
                <path name="javax/xml/namespace"/>
                <path name="javax/xml/parsers"/>
                <path name="javax/xml/stream"/>
                <path name="javax/xml/transform"/>
                <path name="javax/xml/transform/dom"/>
                <path name="javax/xml/transform/stream"/>
                <path name="org/w3c/dom"/>
                <path name="org/xml/sax"/>
                <path name="org/xml/sax/helpers"/>
            </paths>
        </system>
    </dependencies>
</module>
